{
  "protocol": {
    "corpus": "Dolma/OLMo",
    "source": "Allen AI W&B CSV exports",
    "tokens_per_step": 4194304,
    "late_step_min": 50000
  },
  "triangulation": {
    "triplet": {
      "small": "1b",
      "mid": "7b",
      "large": "13b"
    },
    "per_model": [
      {
        "size": "1b",
        "label": "OLMo-1B",
        "n_params": 1000000000,
        "E_app": 1.6061649452582696,
        "beta": 0.1748311786309882,
        "final_loss": 2.1372556686401367
      },
      {
        "size": "7b",
        "label": "OLMo-7B",
        "n_params": 7000000000,
        "E_app": 1.3510818222526555,
        "beta": 0.23228391900523063,
        "final_loss": 1.9076638221740725
      },
      {
        "size": "13b",
        "label": "OLMo2-13B",
        "n_params": 13000000000,
        "E_app": 2.319455830129239,
        "beta": 1.5567774836956694,
        "final_loss": 2.4628968238830566
      }
    ],
    "two_point_alpha_034": {
      "N_A": 1000000000,
      "N_B": 13000000000,
      "alpha_prior": 0.34,
      "E_app_A": 1.6061649452582696,
      "beta_A": 0.1748311786309882,
      "E_app_B": 2.319455830129239,
      "beta_B": 1.5567774836956694,
      "A_amp": -1407.3538176783788,
      "E_true": 2.831918878641825
    },
    "three_point_free": {
      "models": [
        "olmo_1b",
        "olmo_7b",
        "olmo_13b"
      ],
      "N_list": [
        1000000000,
        7000000000,
        13000000000
      ],
      "E_app_list": [
        1.6061649452582696,
        1.3510818222526555,
        2.319455830129239
      ],
      "beta_list": [
        0.1748311786309882,
        0.23228391900523063,
        1.5567774836956694
      ],
      "alpha_used": 0.200006242294666,
      "alpha_fitted": 0.200006242294666,
      "E_true": 2.543433584341363,
      "A_amp": -65.24688304886065,
      "residuals": [
        0.09669100622338278,
        -0.49173793278236766,
        0.39504692655898355
      ],
      "beta_sqrt_N": {
        "C_sqrt": 0.00016145844575186677,
        "beta_pred_mid": 0.4625598200779047,
        "beta_actual_mid": 0.23228391900523063,
        "delta_mid": -0.23027590107267407,
        "beta_pred_large": 0.6303627791038321,
        "beta_actual_large": 1.5567774836956694,
        "delta_large": 0.9264147045918373,
        "fitted_exponent": 0.8524739200015203,
        "pass_mid": false,
        "pass_large": false
      }
    },
    "three_point_fixed_034": {
      "models": [
        "olmo_1b",
        "olmo_7b",
        "olmo_13b"
      ],
      "N_list": [
        1000000000,
        7000000000,
        13000000000
      ],
      "E_app_list": [
        1.6061649452582696,
        1.3510818222526555,
        2.319455830129239
      ],
      "beta_list": [
        0.1748311786309882,
        0.23228391900523063,
        1.5567774836956694
      ],
      "alpha_used": 0.34,
      "alpha_fitted": null,
      "E_true": 2.1866637120847736,
      "A_amp": -761.8077454648412,
      "residuals": [
        0.08300804201990175,
        -0.4931990022868784,
        0.4101909602669762
      ],
      "beta_sqrt_N": {
        "C_sqrt": 0.00016145844575186677,
        "beta_pred_mid": 0.4625598200779047,
        "beta_actual_mid": 0.23228391900523063,
        "delta_mid": -0.23027590107267407,
        "beta_pred_large": 0.6303627791038321,
        "beta_actual_large": 1.5567774836956694,
        "delta_large": 0.9264147045918373,
        "fitted_exponent": 0.8524739200015203,
        "pass_mid": false,
        "pass_large": false
      }
    }
  }
}